{
    "train_losses": [
        0.41763263791906097,
        0.39012964510254206,
        0.37549138845377067,
        0.3612076841537169,
        0.344842028868609,
        0.3257242795237553,
        0.30427087811452813,
        0.28281258934863046,
        0.26212589689928334,
        0.24302497863087605,
        0.2268149737855161,
        0.21246976076938615,
        0.20065076386052355,
        0.19034734247122487,
        0.18204241828419584,
        0.17461153691848305,
        0.16825691291121422,
        0.16243295127819163,
        0.15768895340663197,
        0.15315889630179455,
        0.14908136046904338,
        0.14531066123484507,
        0.14164568749985085,
        0.139481349762859,
        0.1364224158389934,
        0.1338710265966429,
        0.13131214508205427,
        0.12935077301188264,
        0.12735624734688333,
        0.1253045472520556,
        0.12349954528613996,
        0.12240228199641634,
        0.12037080089781292,
        0.11951846464016205,
        0.11763332505278558,
        0.1164240226292293,
        0.11539756750117243,
        0.11419828686081365,
        0.11323858470471844,
        0.11207399316038393,
        0.11114067349908335,
        0.11048701032419027,
        0.10914828536490152,
        0.10853500806202307,
        0.10777781093356585,
        0.10697178792476143,
        0.10618952082814352,
        0.10533455980557847,
        0.1048308291835767,
        0.10394755548292207
    ],
    "val_losses": [
        0.3962085724357502,
        0.38479596528040555,
        0.3721113913724381,
        0.3670125247903887,
        0.34826770991144956,
        0.33646537511836566,
        0.32199127429644203,
        0.30770038779589876,
        0.291569298390617,
        0.2795817501519848,
        0.2734823609172287,
        0.2665475230681621,
        0.25405843266147954,
        0.24620285532459274,
        0.2407716661712379,
        0.23516103768840843,
        0.23303329109863868,
        0.22947325540071134,
        0.22797314609740885,
        0.2245735093093694,
        0.22387383109352674,
        0.2152544800373359,
        0.2137328068709453,
        0.21041924970197054,
        0.21106783818885422,
        0.2079989785224423,
        0.20518368716857352,
        0.20663160673418507,
        0.20271432615375398,
        0.20500030882878206,
        0.19930528208907525,
        0.20140990049624596,
        0.1972310936727274,
        0.19804597304953214,
        0.19701877685741712,
        0.19389583420734421,
        0.19429128126867587,
        0.19622319020395118,
        0.19161060888683726,
        0.19240407830465162,
        0.19235863092709887,
        0.19096984066874875,
        0.18949857733942815,
        0.18903942084292555,
        0.1880018659793555,
        0.18677119962293173,
        0.18955424819260727,
        0.18464866805949043,
        0.18683020616131987,
        0.18647760730407653
    ],
    "train_mse": [
        0.41763263782494087,
        0.3901296452002138,
        0.3754913886562176,
        0.3612076841208637,
        0.3448420287718251,
        0.3257242794660402,
        0.30427087797512387,
        0.2828125893850354,
        0.2621258968926239,
        0.24302497869480666,
        0.2268149738521105,
        0.2124697605385256,
        0.20065076384720465,
        0.19034734258066163,
        0.18204241825888998,
        0.17461153702237028,
        0.1682569129709272,
        0.1624329511858474,
        0.15768895340330225,
        0.153158896154177,
        0.149081360532752,
        0.14531066119888408,
        0.14164568736288838,
        0.1394813497497621,
        0.13642241587162465,
        0.13387102668277165,
        0.13131214501434998,
        0.12935077302830927,
        0.12735624740470947,
        0.12530454723807075,
        0.12349954533220109,
        0.1224022820350411,
        0.12037080094143224,
        0.11951846461796392,
        0.1176333249919627,
        0.11642402259559913,
        0.11539756748208203,
        0.1141982869220805,
        0.11323858464955609,
        0.11207399314140452,
        0.11114067351795176,
        0.11048701025226831,
        0.1091482854127385,
        0.1085350079855505,
        0.10777781094155718,
        0.10697178787337275,
        0.10618952079418038,
        0.10533455979181564,
        0.10483082912752642,
        0.10394755548014731
    ],
    "val_mse": [
        0.39620857169007073,
        0.38479596558282003,
        0.37211139092917306,
        0.36701252422698644,
        0.3482677096338911,
        0.3364653757521932,
        0.32199127381796433,
        0.30770038784768206,
        0.2915692982787651,
        0.2795817501644128,
        0.2734823611657885,
        0.2665475234389305,
        0.2540584326449089,
        0.24620285524381078,
        0.24077166646950968,
        0.2351610375496292,
        0.23303329086250685,
        0.2294732552101488,
        0.2279731463024707,
        0.22457350923065877,
        0.2238738308636089,
        0.21525447993998334,
        0.21373280669073944,
        0.21041924974132584,
        0.21106783875018514,
        0.20799897822934885,
        0.20518368715200286,
        0.20663160645248393,
        0.2027143260812574,
        0.20500030905973557,
        0.1993052823334924,
        0.20140990048796062,
        0.19723109361058744,
        0.19804597301846216,
        0.19701877696098372,
        0.19389583428501916,
        0.19429128129353185,
        0.19622319010659858,
        0.19161060887130227,
        0.1924040785759961,
        0.1923586311539097,
        0.19096984044918758,
        0.1894985769634814,
        0.18903942096099147,
        0.1880018658975379,
        0.18677119976585363,
        0.1895542480310434,
        0.18464866776432565,
        0.18683020583715643,
        0.18647760742939212
    ],
    "train_mae": [
        0.5606760520831207,
        0.5280048648907024,
        0.5100005602288936,
        0.4928022318130852,
        0.4733906318065649,
        0.45090261375736446,
        0.4258013944893084,
        0.4005805983697256,
        0.3764939060923724,
        0.3542907029841401,
        0.3352811446424719,
        0.3186843358766065,
        0.3045434454313238,
        0.2924066730098451,
        0.28262503571411435,
        0.27380012529564196,
        0.2661970120468095,
        0.259315925218212,
        0.25377082322230143,
        0.24823913800169084,
        0.24335221185820305,
        0.2386440203284609,
        0.23432825194515697,
        0.23155165450278317,
        0.22797040515843997,
        0.2249271478355215,
        0.22171590155932422,
        0.2193014909164895,
        0.21682143892092623,
        0.21425298614308244,
        0.2120046348028758,
        0.21061054988896416,
        0.20816159309618892,
        0.20704121114389787,
        0.20473586117329096,
        0.2033064319379117,
        0.20200616926418316,
        0.20034777163613923,
        0.19930219467622334,
        0.19772736865686596,
        0.19645230578905265,
        0.19556457888920575,
        0.1939731031658929,
        0.19329327842310123,
        0.19229589124843824,
        0.19149077132507625,
        0.19026685900743792,
        0.18922184679149773,
        0.18862988659784602,
        0.1875129073242041
    ],