{
    "train_losses": [
        1.8709915218329405,
        1.6017872583751045,
        1.541617477171726,
        1.5060655563668406,
        1.4821493620384352,
        1.4645018466975717,
        1.4500050623728598,
        1.4383563840542686,
        1.4285738634070115,
        1.419722222220612,
        1.4130101362359835,
        1.4078408437887031,
        1.4068919034350005,
        1.4054590772565252,
        1.4003864699077186,
        1.392994085706157,
        1.382744691370071,
        1.3767844715514495,
        1.3231828889976367,
        1.3109836516960232,
        1.3044604499751202,
        1.299225734174074,
        1.294811411813024,
        1.2910584430311849,
        1.2876031754156387,
        1.254325194923404,
        1.2478072638804887,
        1.2445610173303199,
        1.241975449511326,
        1.2391397421841057
    ],
    "val_losses": [
        1.650809771125768,
        1.5796432906400837,
        1.5418724063074454,
        1.5328188299519638,
        1.5022840256952132,
        1.4927676686453164,
        1.5055890942667138,
        1.48286031087571,
        1.4980764532705662,
        1.4814680561129172,
        1.4757460311846433,
        1.4684142020963649,
        1.4852803019407494,
        1.482621599857695,
        1.4731180934664738,
        1.4753101405863434,
        1.4735527042468322,
        1.4822282760067718,
        1.4457583718865588,
        1.4572179448548244,
        1.4564706127938376,
        1.4506076302898239,
        1.4788182830069838,
        1.4545437244738277,
        1.4540939770094183,
        1.4462418354134245,
        1.4545546405437857,
        1.4453745811332555,
        1.4609359128378416,
        1.4762460202173389
    ],
    "train_accuracies": [
        38.29505503732354,
        44.53862510066702,
        46.42195044383774,
        47.52914660097579,
        48.27167591178138,
        48.80546786690646,
        49.30812301600199,
        49.620755056824954,
        49.956226210080786,
        50.264050610683164,
        50.469721120753476,
        50.626116139947925,
        50.68004127347844,
        50.72727408153758,
        50.90761419612644,
        51.171585808026634,
        51.49118384867625,
        51.668090337591146,
        53.301728741653214,
        53.724335552522,
        53.92069549174259,
        54.16833974803451,
        54.26760171883295,
        54.383145903077974,
        54.4896757619094,
        55.54696725929297,
        55.79080546707692,
        55.894420835093875,
        56.00596711664373,
        56.10166849943843
    ],
    "val_accuracies": [
        43.15358284681679,
        45.156554072838475,
        46.483614817903806,
        47.02529886016124,
        47.10001390047262,
        48.030476786210734,
        47.89668473728107,
        48.169047122602166,
        48.405789546844595,
        48.39275785376703,
        48.406658326383095,
        48.75677648040033,
        48.6898804559355,
        48.55739157631359,
        48.460088268001115,
        48.78674937447873,
        48.96571795941062,
        48.940523352793996,
        49.67377328329163,
        49.57082290797887,
        49.69375521267723,
        49.47656032805116,
        49.56343828190158,
        49.59080483736447,
        49.43572768974145,
        49.686804976369196,
        49.829719210453156,
        49.613827495134835,
        49.715040311370586,
        49.52130247428413
    ],
    "learning_rates": [
        0.001,
        0.001,
        0.001,
        0.001,
        0.001,
        0.001,
        0.001,
        0.001,
        0.001,
        0.001,
        0.001,
        0.001,
        0.001,
        0.001,
        0.001,
        0.001,
        0.001,
        0.0005,
        0.0005,
        0.0005,
        0.0005,
        0.0005,
        0.0005,
        0.0005,
        0.00025,
        0.00025,
        0.00025,
        0.00025,
        0.00025,
        0.00025
    ],
    "best_val_loss": 1.4453745811332555,
    "best_val_accuracy": 49.613827495134835,
    "best_epoch": 27
}